Date,Adj Close,MACD Line,Signal Line,MACD,MACD (buy/sell),RSI,RSI (buy/sell),MACDRSI (buy/sell),MACD cumulative return,RSI cumulative return,MACDRSI cumulative return,bh Adj Close,delta 1d,delta 2d,delta 3d,delta 4d,delta 5d,delta 6d,delta 7d,delta
2007-01-03,64.56780242919922,0.0,0.0,0.0,,50.0,,,0.0,0.0,0.0,0.0,0.010692268526488915,0.0015424733762643668,0.01675747140711171,0.028786376890265437,0.01665514400219023,0.014188060991387128,0.021281382521226733,
2007-01-04,65.2581787109375,0.055072751819565724,0.011014550363913146,0.044058201455652576,-65.2581787109375,50.0,,-65.2581787109375,0.0,0.0,0.0,0.6903762817382812,-0.009052998063954957,0.006001038169081267,0.017902688016161766,0.005899793301471207,0.0034588099402351313,0.010477090133652578,0.025531477099486527,0.010692268526488915
2007-01-05,64.66739654541016,0.05046538745585849,0.018904717782302217,0.03156066967355627,,50.0,,,0.0,0.0,0.0,0.0995941162109375,0.01519156544560372,0.027201945237689335,0.01508939563489512,0.012626112173249797,0.019708509294090373,0.03490042867668269,0.02668861862522615,-0.009052998063954957
2007-01-08,65.64979553222656,0.12464853526503816,0.04005348127884941,0.08459505398618875,,50.0,,,0.0,0.0,0.0,1.0819931030273438,0.011830653643003656,-0.00010064091762203874,-0.0025270632259714,0.0044493512379646365,0.0194139351644712,0.011325008570747893,0.0055616309406904246,0.01519156544560372
2007-01-09,66.42647552490234,0.24330611732024465,0.08070400848712847,0.16260210883311618,,50.0,,,0.0,0.0,0.0,1.858673095703125,-0.01179178997757002,-0.014189841765794908,-0.007294997812591776,0.007494615323388982,-0.0004997329053386888,-0.006195723246515796,-0.03897279217922023,0.011830653643003656
2007-01-10,65.6431884765625,0.2710143031959973,0.11876606742890224,0.15224823576709506,,50.0,,,0.0,0.0,0.0,1.0753860473632812,-0.0024266665302957327,0.0045504501170620494,0.019516540244612263,0.011426799491956284,0.005662841771904736,-0.027505339386963062,-0.017999917247637838,-0.01179178997757002
2007-01-11,65.48389434814453,0.27692728982661663,0.15039831190844513,0.1265289779181715,,50.0,,,0.0,0.0,0.0,0.9160919189453125,0.006994088968968689,0.021996585151876857,0.013887165542073643,0.008109186593895798,-0.025139678473000155,-0.015611133733072123,-0.015914869968385568,-0.0024266665302957327
2007-01-12,65.94189453125,0.3149397322512897,0.18330659597701404,0.13163313627427564,,50.0,,,0.0,0.0,0.0,1.3740921020507812,0.014898296173981296,0.006845200630882124,0.0011073527016120075,-0.031910581992461995,-0.022448217869069746,-0.022749844500884863,-0.01952936989537131,0.006994088968968689
2007-01-16,66.92431640625,0.4195023397663533,0.2305457447348819,0.1889565950314714,,50.0,,,0.0,0.0,0.0,2.3565139770507812,-0.007934879360284837,-0.013588498004538126,-0.046121742782410755,-0.036798282334143194,-0.03709548120909668,-0.03392228186719782,-0.032831184655007624,0.014898296173981296
2007-01-17,66.39328002929688,0.45428208094267575,0.2752930119764407,0.17898906896623507,,50.0,,,0.0,0.0,0.0,1.8254776000976562,-0.005698838238166921,-0.03849229514036519,-0.029094262436367396,-0.029393838410535146,-0.026195258724704962,-0.025095434540293945,-0.025695390873677074,-0.007934879360284837
2007-01-18,66.0149154663086,0.4461712340368251,0.3094686563885176,0.1367025776483075,,50.0,,,0.0,0.0,0.0,1.447113037109375,-0.03298141263768668,-0.02352951509856973,-0.023830808092773742,-0.020613895743840628,-0.019507767915867252,-0.02011116289965672,-0.009150662330297328,-0.005698838238166921
2007-01-19,63.837650299072266,0.2610470388292043,0.29978433287665496,-0.03873729404745063,63.837650299072266,50.0,,,-1.4205284118652344,0.0,0.0,-0.7301521301269531,0.009774266661097385,0.009462697681822818,0.012789326963797346,0.0139331807039726,0.013309206158214059,0.024643528696166286,0.033274120885776144,-0.03298141263768668
2007-01-22,64.46161651611328,0.16280690276006737,0.2723888468533375,-0.1095819440932701,,50.0,,,-1.4205284118652344,0.0,0.0,-0.1061859130859375,-0.0003085530990057773,0.0029858755587716724,0.0041186571892221115,0.0035007225018768243,0.014725332706521975,0.023272383740163022,0.021006820479262143,0.009774266661097385
2007-01-23,64.44172668457031,0.08239613263684475,0.23439030401003894,-0.15199417137319418,,50.0,,,-1.4205284118652344,0.0,0.0,-0.12607574462890625,0.003295445477692196,0.004428576739304986,0.003810451327448296,0.015038525989326238,0.023588215056024348,0.02132195253279877,0.01977693498353047,-0.0003085530990057773
2007-01-24,64.65409088134766,0.03539798789418569,0.1945918407868683,-0.15919385289268262,,66.16767348927452,,64.65409088134766,-1.4205284118652344,0.0,-0.6040878295898438,0.0862884521484375,0.001129409354662504,0.000513314250630226,0.011704508940577209,0.020226115517418996,0.017967296808093985,0.016427354056203308,0.018172504505070068,0.003295445477692196
2007-01-25,64.72711181640625,0.003997715603105689,0.1564730157501158,-0.1524753001470101,,66.45170235850293,,,-1.4205284118652344,0.0,-0.6040878295898438,0.15930938720703125,-0.0006154000654415085,0.010563169443530297,0.019075162495792036,0.016818892039427095,0.015280686551204209,0.017023868234371124,0.029433237874225946,0.001129409354662504
2007-01-26,64.6872787475586,-0.02382676208975454,0.12041306018214172,-0.14423982227189625,,66.12557955049238,,,-1.4205284118652344,0.0,-0.6040878295898438,0.119476318359375,0.011185453037503077,0.019702687596469787,0.017445027776103645,0.015905875093218988,0.01765013019108728,0.030067141260366723,0.024628801780840932,-0.0006154000654415085
2007-01-29,65.41083526611328,0.012364571820086212,0.09880336250973062,-0.08643879068964441,,69.09278932690333,,,-1.4205284118652344,0.0,-0.6040878295898438,0.8430328369140625,0.008423019272460617,0.00619033305888392,0.004668206056105951,0.006393166687836479,0.018672824224423804,0.013294642147941647,0.013192817100169604,0.011185453037503077
2007-01-30,65.9617919921875,0.0845296626121268,0.09594862253020987,-0.011418959918083074,,71.16407489250972,,,-1.4205284118652344,0.0,-0.6040878295898438,1.3939895629882812,-0.0022140373344387712,-0.0037234505208574298,-0.002012897906761986,0.010164191768805553,0.004830931843459626,0.004729957306161274,0.005536943957628169,0.008423019272460617
2007-01-31,65.81575012207031,0.1284558989485447,0.10245007781387686,0.026005821134667845,-65.81575012207031,69.82823076865725,,,-1.4205284118652344,0.0,-0.6040878295898438,1.2479476928710938,-0.001512762499069738,0.00020158574604461872,0.012405695776853968,0.007060601613474228,0.006959403018708873,0.007768180333345621,-0.0030556643276228577,-0.0022140373344387712
2007-02-01,65.7161865234375,0.15346476115652763,0.11265301448240701,0.040811746674120616,,68.8789614381605,,,-1.4205284118652344,0.0,-0.6040878295898438,1.1483840942382812,0.001716945575994665,0.013939545497606563,0.008586353225707583,0.008485001309564278,0.009295003965843592,-0.001545239408782811,-0.001241648044848397,-0.001512762499069738
2007-02-02,65.82901763916016,0.18031048566595587,0.1261845087191168,0.05412597694683907,,69.38686263020185,,,-1.4205284118652344,0.0,-0.6040878295898438,1.2612152099609375,0.012201650352020163,0.00685763346627121,0.0067564552675885205,0.0075650695771064215,-0.003256593590818907,-0.0029535225833100475,-0.005886415476625229,0.001716945575994665
2007-02-05,66.63224029541016,0.2633633821685777,0.15362028340900896,0.10974309875956872,,72.7911560891918,,,-1.4205284118652344,0.0,-0.6040878295898438,2.0644378662109375,-0.005279597088080648,-0.005379555627614251,-0.004580688811662425,-0.01527190154003706,-0.014972483921617392,-0.01787002206759373,-0.008777229971394454,0.012201650352020163
2007-02-06,66.28044891357422,0.29736889304648173,0.18237000533650352,0.11499888770997821,,69.16346877898563,,,-1.4205284118652344,0.0,-0.6040878295898438,1.712646484375,-0.00010048908139511997,0.000702617815390392,-0.010045339798706442,-0.009744332985592767,-0.012657250160604113,-0.00351619698668583,-0.006329085511373741,-0.005279597088080648
2007-02-07,66.27378845214844,0.3200912491698915,0.20991425410318112,0.11017699506671039,,69.09326011340619,,,-1.4205284118652344,0.0,-0.6040878295898438,1.7059860229492188,0.000803187608370465,-0.009945850166658263,-0.009644813102606556,-0.012558023023406754,-0.003416051181135901,-0.006229222398815284,-0.005526073493565635,-0.00010048908139511997
2007-02-08,66.32701873779297,0.3384921920055035,0.23562984168364562,0.10286235032185789,,69.36094782868544,,,-1.4205284118652344,0.0,-0.6040878295898438,1.75921630859375,-0.010740411209836185,-0.010439615740977718,-0.01335048768550252,-0.004215852668884003,-0.007026766195650486,-0.006324181597643788,-0.0027103799742684716,0.000803187608370465
2007-02-09,65.61463928222656,0.29222343347534263,0.24694856004198504,0.04527487343335759,,61.66359557696887,,,-1.4205284118652344,0.0,-0.6040878295898438,1.0468368530273438,0.00030406121130079826,-0.002638414128346621,0.0065953958039785395,0.003753964132637198,0.004464176705725257,0.008117213445854199,0.005479031869103218,-0.010740411209836185
2007-02-12,65.63459014892578,0.2542343221872727,0.24840571247104257,0.005828609716230143,,61.79148116617604,,,-1.4205284118652344,0.0,-0.6040878295898438,1.0667877197265625,-0.0029415809189900517,0.00628942222333813,0.00344885425853295,0.004158850949167236,0.007810777280152396,0.005173397628253033,-0.0008113583661799795,0.00030406121130079826
2007-02-13,65.44152069091797,0.2061719640186368,0.23995896278056145,-0.03378699876192465,65.44152069091797,59.71545200922634,,,-1.7947578430175781,0.0,-0.6040878295898438,0.87371826171875,0.00925823699561798,0.006409288618627858,0.007121379983634023,0.010784080444406569,0.008138919838541328,0.0021365072618046805,-0.005697780170587152,-0.0029415809189900517
2007-02-14,66.04739379882812,0.21449849014125277,0.23486686825269973,-0.020368378111446955,,63.82306395065886,,,-1.7947578430175781,0.0,-0.6040878295898438,1.4795913696289062,-0.0028228140951030867,-0.002117254963749416,0.0015118464163649057,-0.0011090493156723305,-0.007056399911100473,-0.01481882100930534,-0.02308511390367339,0.00925823699561798
2007-02-15,65.86095428466797,0.20370502668447443,0.2286344999390547,-0.024929473254580253,,61.73695453065717,,,-1.7947578430175781,0.0,-0.6040878295898438,1.29315185546875,0.0007075564316219341,0.004346931089818775,0.0017186161132192231,-0.0042455702716018145,-0.012029965269729246,-0.02031965842678511,-0.05014140123743604,-0.0028228140951030867
2007-02-16,65.90755462646484,0.1966445908239649,0.22223651811603673,-0.025591927292071825,,62.070665498347694,,,-1.7947578430175781,0.0,-0.6040878295898438,1.339752197265625,0.0036368014159644433,0.0010103448056319082,-0.004949624564529002,-0.012728515558302903,-0.02101234743683464,-0.05081300460084261,-0.06111729457258004,0.0007075564316219341
2007-02-20,66.14724731445312,0.20799273053545164,0.2193877605999197,-0.01139503006446807,,63.818605859252024,,,-1.7947578430175781,0.0,-0.6040878295898438,1.5794448852539062,-0.002616939321701877,-0.008555312009662688,-0.016306015234972063,-0.02455982962962621,-0.05425250044636411,-0.06451945155576921,-0.07126347108414113,0.0036368014159644433
2007-02-21,65.9741439819336,0.20070462280887114,0.21565113304171002,-0.014946510232838883,,61.610394184214144,,,-1.7947578430175781,0.0,-0.6040878295898438,1.406341552734375,-0.0059539538238420195,-0.013724993388157754,-0.02200046418775296,-0.05177104280229707,-0.0620649323961536,-0.0688266469211481,-0.0826521333729138,-0.002616939321701877
2007-02-22,65.58133697509766,0.1613723028446259,0.20479536700229323,-0.043423064157667335,,56.80694394788154,,,-1.7947578430175781,0.0,-0.6040878295898438,1.0135345458984375,-0.007817585105045127,-0.016142622794625843,-0.046091515734811,-0.056447061771591193,-0.06324927636819373,-0.0771575721709373,-0.06791889879299111,-0.0059539538238420195
2007-02-23,65.06864929199219,0.08781921928763836,0.1814001374593623,-0.09358091817172393,,51.19649192361878,,,-1.7947578430175781,0.0,-0.6040878295898438,0.5008468627929688,-0.008390632170659978,-0.03857549786731308,-0.049012637128520976,-0.0558684476070031,-0.06988632939360591,-0.0605748628333723,-0.0402122110835935,-0.007817585105045127
2007-02-26,64.5226821899414,-0.014361560520754324,0.14224779786333897,-0.1566093583840933,,45.98770666407592,,,-1.7947578430175781,0.0,-0.6040878295898438,-0.0451202392578125,-0.03044027887990671,-0.0409657333580699,-0.04787955517228862,-0.06201605109637244,-0.052625794345756365,-0.0320908413588224,-0.030646613970221767,-0.008390632170659978
2007-02-27,62.55859375,-0.25093348224037015,0.06361154184259715,-0.3145450240829673,,32.98589715367271,,,-1.7947578430175781,0.0,-0.6040878295898438,-2.0092086791992188,-0.010855911450202935,-0.017986799484857947,-0.03256712457071496,-0.022882051494692475,-0.001702383507649079,-0.00021281318295348112,-0.010217288967374337,-0.03044027887990671
2007-02-28,61.87946319580078,-0.487597869879977,-0.04663034050191768,-0.44096752937805933,,29.843973644011754,-61.87946319580078,,-1.7947578430175781,0.0,-0.6040878295898438,-2.6883392333984375,-0.007209149927903569,-0.021949494893452017,-0.01215812760112765,0.009253988421417973,0.010759906863370637,0.0006456314001379665,0.003658392992436502,-0.010855911450202935
2007-03-01,61.43336486816406,-0.7030482069033468,-0.1779139137822035,-0.5251342931211433,,27.96003389431192,,,-1.7947578430175781,0.0,-0.6040878295898438,-3.1344375610351562,-0.01484738196819401,-0.004984914670461243,0.016582685414683253,0.018099539082143325,0.007911818816089131,0.01094645757417171,0.019942018287189802,-0.007209149927903569
2007-03-02,60.521240234375,-0.9365984621737411,-0.329650823460511,-0.6069476387132301,,24.547852297284805,,,-1.7947578430175781,0.0,-0.6040878295898438,-4.046562194824219,0.010011106012626314,0.0319037546138486,0.03344346900905625,0.023102208092135784,0.026182582343330846,0.03531371649286996,0.019912160390487908,-0.01484738196819401
2007-03-05,61.12712478637695,-1.060573273839296,-0.475835313536268,-0.5847379603030278,,30.605960037358344,,,-1.7947578430175781,0.0,-0.6040878295898438,-3.4406776428222656,0.021675651357588744,0.02320010429285023,0.012961344683813622,0.01601118664382525,0.025051814113346334,0.009802916343117736,0.02123968327973805,0.010011106012626314
2007-03-06,62.45209503173828,-1.0399225993166539,-0.5886527706923452,-0.45126982862430864,,41.64100527868148,,,-1.7947578430175781,0.0,-0.6040878295898438,-2.1157073974609375,0.0014921104689495281,-0.008529425813559978,-0.005544288646045962,0.003304534811289073,-0.011620845616409355,-0.00042671867267403814,-0.003731986467655079,0.021675651357588744
2007-03-07,62.54528045654297,-1.0044587309818311,-0.6718139627502424,-0.33264476823158873,,42.33552856086819,,,-1.7947578430175781,0.0,-0.6040878295898438,-2.02252197265625,-0.010006605321949979,-0.007025915672666349,0.0018097240341622615,-0.013093419257410555,-0.0019159703022773417,-0.005216313620442221,-0.007344898440887857,0.0014921104689495281
2007-03-08,61.91941452026367,-1.0151534532035242,-0.7404818608408988,-0.2746715923626254,,38.98015713856153,,,-1.7947578430175781,0.0,-0.6040878295898438,-2.648387908935547,0.003010817713842387,0.011935765854230734,-0.003118014677728654,0.008172413132416652,0.004838710770454767,0.0026886107476784926,0.01064478172880733,-0.010006605321949979
2007-03-09,62.10584259033203,-0.9970920538765711,-0.7918038994480333,-0.20528815442853776,,40.493083308650995,,,-1.7947578430175781,0.0,-0.6040878295898438,-2.4619598388671875,0.008898157410436447,-0.006110434985676883,0.005146101445185869,0.0018224061239725088,-0.00032123977176866267,0.007611048535214206,0.013078635442242748,0.003010817713842387
2007-03-12,62.658470153808594,-0.9274942624014599,-0.8189419720387187,-0.10855229036274128,,44.85761935166553,,,-1.7947578430175781,0.0,-0.6040878295898438,-1.909332275390625,-0.014876221436102382,-0.0037189640378381427,-0.0070133454348112224,-0.009138085062885597,-0.0012757569887191546,0.004143607559494841,0.013282484072671696,0.008898157410436447
2007-03-13,61.726348876953125,-0.9367535958678204,-0.842504296804539,-0.09424929906328139,,39.58393466749598,,,-1.7947578430175781,0.0,-0.6040878295898438,-2.8414535522460938,0.011325741638811282,0.007981612232275595,0.0058247871973832336,0.013805843228360433,0.019307044870365546,0.028583926326317618,0.026749883444927913,-0.014876221436102382
2007-03-14,62.425445556640625,-0.877564408655644,-0.84951631917476,-0.028048089480883998,,44.82334936293214,,,-1.7947578430175781,0.0,-0.6040878295898438,-2.1423568725585938,-0.0033066788165766097,-0.005439349771235903,0.0024523271656570803,0.00789192136909409,0.017064911904190398,0.015251408296126678,0.013544843776047307,0.011325741638811282
2007-03-15,62.219024658203125,-0.8376570042063065,-0.8471444561810694,0.009487451974762862,-62.219024658203125,43.62047078041116,,-62.219024658203125,-1.7947578430175781,0.0,-0.6040878295898438,-2.3487777709960938,-0.0021397464087820586,0.005778112343921134,0.011235753212807774,0.020439176512770055,0.01861965633588108,0.016907430033357974,0.016586590693611368,-0.0033066788165766097
2007-03-16,62.08589172363281,-0.8074648615498177,-0.839208537254819,0.03174367570500136,,42.82228524871068,,,-1.7947578430175781,0.0,-0.6040878295898438,-2.4819107055664062,0.00793483729230367,0.013404181170111242,0.02262733969039493,0.020803917853178075,0.01908801996430942,0.01876649263762021,0.015871149198756113,-0.0021397464087820586
2007-03-19,62.57853317260742,-0.7353091371964808,-0.8184286572431515,0.08311952004667067,,46.708289656096866,,,-1.7947578430175781,0.0,-0.6040878295898438,-1.9892692565917969,0.005426287171996467,0.014576837563786275,0.012767770380321066,0.011065380676758276,0.010746384532570067,0.007873834312317647,0.0028732817229717516,0.00793483729230367
2007-03-20,62.9181022644043,-0.6433091505404462,-0.7834047559026105,0.14009560536216425,,49.267716907960185,,,-1.7947578430175781,0.0,-0.6040878295898438,-1.6497001647949219,0.009101164857672395,0.007301861212495536,0.005608659308702895,0.005291384787180824,0.0024343377247530453,-0.00253922687480716,0.0007410751913938998,0.005426287171996467
2007-03-21,63.49073028564453,-0.5182185023145323,-0.7303675051849949,0.21214900287046268,,53.33757755131716,,,-1.7947578430175781,0.0,-0.6040878295898438,-1.0770721435546875,-0.0017830755803662573,-0.0034610063595180737,-0.0037754193565210266,-0.006606698480879929,-0.01153540609986449,-0.008284689342775296,-0.01153540609986449,0.009101164857672395
2007-03-22,63.37752151489258,-0.4233382838235613,-0.6689616609127083,0.24562337708914694,,52.44187156645521,,,-1.7947578430175781,0.0,-0.6040878295898438,-1.1902809143066406,-0.001680928000822437,-0.0019959026213797405,-0.004832239148137205,-0.009769750723439464,-0.006513227339026631,-0.009769750723439464,0.0002101837139281681,-0.0017830755803662573
2007-03-23,63.27098846435547,-0.35267592540397885,-0.6057045138109625,0.2530285884069836,,51.564324352019646,,,-1.7947578430175781,0.0,-0.6040878295898438,-1.29681396484375,-0.00031550496168179277,-0.003156617193543272,-0.0081024423448295,-0.0048404357622130805,-0.0081024423448295,0.0018942958897535348,0.011259722743910417,-0.001680928000822437
2007-03-26,63.25102615356445,-0.29488701496281067,-0.5435410140413321,0.24865399907852148,,51.390788694615196,,,-1.7947578430175781,0.0,-0.6040878295898438,-1.3167762756347656,-0.0028420088997705008,-0.007789394975911105,-0.004526358889219189,-0.007789394975911105,0.0022104982746087554,0.011578880899966872,0.012736660431170197,-0.00031550496168179277
2007-03-27,63.071266174316406,-0.26059009470004924,-0.48695083017307556,0.22636073547302632,,49.766571889704075,,,-1.7947578430175781,0.0,-0.6040878295898438,-1.4965362548828125,-0.004961486665399763,-0.0016891505704028256,-0.004961486665399763,0.005066907370219733,0.014461990906602336,0.01562307023559199,0.01889528536592476,-0.0028420088997705008
2007-03-28,62.758338928222656,-0.25571245777573637,-0.44070315569360774,0.18499069791787137,,46.98280593349212,,,-1.7947578430175781,0.0,-0.6040878295898438,-1.8094635009765625,0.0032886527015226733,0.0,0.010078397872271364,0.01952032741618172,0.020687196148828677,0.02397572728253006,0.02503737906585098,-0.004961486665399763
2007-03-29,62.96472930908203,-0.2325126553559329,-0.3990650556260728,0.1665524002701399,,49.00872289460457,,,-1.7947578430175781,0.0,-0.6040878295898438,-1.6030731201171875,-0.0032778729159025424,0.006767489248947614,0.01617846934773213,0.017341513232963925,0.020619264979529046,0.021677436803223298,0.019984943498132113,0.0032886527015226733
2007-03-30,62.758338928222656,-0.22815064503454607,-0.36488217350776747,0.1367315284732214,,47.07163696567925,,,-1.7947578430175781,0.0,-0.6040878295898438,-1.8094635009765625,0.010078397872271364,0.01952032741618172,0.020687196148828677,0.02397572728253006,0.02503737906585098,0.0233393197380797,0.00954775433234284,-0.0032778729159025424
2007-04-02,63.39084243774414,-0.17167698781198482,-0.32624113636861096,0.15456414855662615,,53.17925652284293,,,-1.7947578430175781,0.0,-0.6040878295898438,-1.1769599914550781,0.009347719507515227,0.010502945413845825,0.013758664119075706,0.014809722913677478,0.013128606545533937,-0.0005253488650448572,0.004831404235852394,0.010078397872271364
2007-04-03,63.983402252197266,-0.07820508327596087,-0.27663392575008094,0.19842884247412007,,58.061811292948484,,,-1.7947578430175781,0.0,-0.6040878295898438,-0.5844001770019531,0.0011445271872157798,0.00437009419678749,0.0054114189794051285,0.0037458716802406746,-0.009781632416405903,-0.0044744890035184805,-0.012174545016608671,0.009347719507515227
2007-04-04,64.05663299560547,0.0017608850885366678,-0.22095496358235742,0.22271584867089408,,58.635899118831205,,,-1.7947578430175781,0.0,-0.6040878295898438,-0.51116943359375,0.0032218794809118737,0.004262013801521219,0.0025983705872453305,-0.010913668613181634,-0.005612592426111814,-0.013303845590851201,-0.00031181399878109074,0.0011445271872157798
2007-04-05,64.26301574707031,0.0808557990512071,-0.16059281105564452,0.24144861010685162,,60.285877585639234,,,-1.7947578430175781,0.0,-0.6040878295898438,-0.30478668212890625,0.0010367938956310765,-0.0006215064747084262,-0.014090151324657648,-0.00880609971504492,-0.016472652171734763,-0.003522344908906265,0.0062166081251494405,0.0032218794809118737
2007-04-09,64.32964324951172,0.14721832956940517,-0.09903058293063458,0.24624891250003975,,60.82910663199006,,,-1.7947578430175781,0.0,-0.6040878295898438,-0.2381591796875,-0.0016565828353681858,-0.0151112779395658,-0.009832699128242259,-0.017491311182705027,-0.004554416812987476,0.005174449391975512,-0.018836869641945416,0.0010367938956310765
2007-04-10,64.22307586669922,0.18903296163630046,-0.04141787401724757,0.23045083565354801,,59.428903073037375,,,-1.7947578430175781,0.0,-0.6040878295898438,-0.3447265625,-0.013477020905701898,-0.008189683181459581,-0.0158610034133431,-0.0029026424452713384,0.006842367175359685,-0.017208794600329515,-0.0224960135293502,-0.0016565828353681858
2007-04-11,63.357540130615234,0.15059390568615783,-0.0030155180765664945,0.15360942376272432,,49.468939957678586,,,-1.7947578430175781,0.0,-0.6040878295898438,-1.2102622985839844,0.005359568744254175,-0.002416550408009634,0.010718836443261189,0.020596973929300967,-0.0037827539486750368,-0.009142202274830348,-0.006094661028771557,-0.013477020905701898
2007-04-12,63.69710922241211,0.14584979902313222,0.026757545343373247,0.11909225367975898,,52.81038471460978,,,-1.7947578430175781,0.0,-0.6040878295898438,-0.8706932067871094,-0.007734664685169886,0.005330697459517907,0.015156174625242883,-0.009093584998995378,-0.014424462122738813,-0.01139316730961506,-0.004808174003604664,0.005359568744254175
2007-04-13,63.20443344116211,0.10116902864299959,0.041639842003298524,0.05952918663970107,,47.864880258718834,,,-1.7947578430175781,0.0,-0.6040878295898438,-1.3633689880371094,0.013167206068467927,0.023069272396933897,-0.00136951303795605,-0.006741944114621681,-0.0036870204916353237,0.002949302547827788,0.03750097397720021,-0.007734664685169886
2007-04-16,64.03665924072266,0.131398186530717,0.059591510908782216,0.07180667562193478,,55.45360013442734,,,-1.7947578430175781,0.0,-0.6040878295898438,-0.5311431884765625,0.009773378243153292,-0.01434779868451606,-0.019650409195877766,-0.016635187616765672,-0.01008511078866249,0.02401752421809817,0.05489733437399065,0.013167206068467927
2007-04-17,64.66251373291016,0.20351029893598138,0.08837526851422206,0.11513503042175932,,60.15114441030416,,,-1.7947578430175781,0.0,-0.6040878295898438,0.0947113037109375,-0.02388771327051264,-0.029139000961011487,-0.026152963059756746,-0.019666283009328715,0.014106279965240763,0.044687211113988705,0.0389209062179036,0.009773378243153292
2007-04-18,63.11787414550781,0.1344700746295402,0.0975942297372857,0.0368758448922545,,46.98269435981095,,,-1.7947578430175781,0.0,-0.6040878295898438,-1.4499282836914062,-0.005379798781238117,-0.002320685662951684,0.004324738371369177,0.03892379365805768,0.07025311054557569,0.0643456909028977,0.06719387655194872,-0.02388771327051264
2007-04-19,62.77831268310547,0.051758784230521826,0.08842714063593293,-0.03666835640541111,62.77831268310547,44.66764761220755,,,-1.2354698181152344,0.0,-0.6040878295898438,-1.78948974609375,0.0030756595477730454,0.00975702799994993,0.044543226032417414,0.07604199998565957,0.07010262771528007,0.07296621890874365,0.08399632544483616,-0.005379798781238117
2007-04-20,62.971397399902344,0.0017694169190178854,0.07109559589254992,-0.06932617897353203,,46.28835454844779,,,-1.2354698181152344,0.0,-0.6040878295898438,-1.596405029296875,0.006660881847326567,0.041340417435051326,0.0727426089381759,0.06682144814253142,0.06967625891000095,0.08067254461497492,0.09082255212062051,0.0030756595477730454
2007-04-23,63.39084243774414,-0.003956203077486009,0.05608523609854274,-0.06004143917602875,,49.732819185829634,,,-1.2354698181152344,0.0,-0.6040878295898438,-1.1769599914550781,0.03445006775676456,0.06564447698571792,0.05976249537461316,0.06259841640715656,0.07352194180013166,0.08360478865419763,0.07362616908927916,0.006660881847326567
2007-04-24,65.57466125488281,0.16581076613378087,0.07803034210559037,0.0877804240281905,-65.57466125488281,63.027058742424856,,,-1.2354698181152344,0.0,-0.6040878295898438,1.0068588256835938,0.03015554853855764,0.024469453293902665,0.027210930259236706,0.0377706718392852,0.047517731816699986,0.03787142806947572,0.04376089732148986,0.03445006775676456
2007-04-25,67.5521011352539,0.4546739858459077,0.15335907085365386,0.3013149149922538,,70.60739426259948,67.5521011352539,,-1.2354698181152344,5.672637939453125,-0.6040878295898438,2.9842987060546875,-0.005519647253972103,-0.002858421025347437,0.007392207236597276,0.01685394337075931,0.007490014048717505,0.013207081981195568,0.01478407565051977,0.03015554853855764
2007-04-26,67.17923736572266,0.6460657349358598,0.2519004036700951,0.39416533126576475,,67.78529990502213,,,-1.2354698181152344,5.672637939453125,-0.6040878295898438,2.6114349365234375,0.0026759967869413445,0.01298351893520699,0.022497770381236702,0.013081868602799876,0.018830667879418766,0.020416414309672212,0.022398739307170883,-0.005519647253972103
2007-04-27,67.3590087890625,0.8029947033504072,0.36211926360615754,0.4408754397442497,,68.44025272648827,,,-1.2354698181152344,5.672637939453125,-0.6040878295898438,2.7912063598632812,0.0102800128668642,0.019768872155924648,0.010378100053460914,0.016111556618733067,0.017693070921793026,0.019670105381430034,0.024929096329319233,0.0026759967869413445
2007-04-30,68.05146026611328,0.972032107504333,0.4841018323857927,0.4879302751185403,,70.8948442223543,,,-1.2354698181152344,5.672637939453125,-0.6040878295898438,3.4836578369140625,0.009392306259859562,9.708910930383857e-05,0.005772205406024749,0.007337627153379828,0.009294544477742995,0.014500023039043837,0.025206059302162496,0.0102800128668642
2007-05-01,68.69062042236328,1.1443786661576354,0.6161571991401613,0.5282214670174741,,72.98355782837479,,,-1.2354698181152344,5.672637939453125,-0.6040878295898438,4.1228179931640625,-0.009208725975926695,-0.003586416135118478,-0.002035560498863931,-9.685211736832804e-05,0.005060189925669332,0.015666607466920616,0.018585499261002794,0.009392306259859562
2007-05-02,68.05806732177734,1.2159065925069825,0.7361070778135256,0.47979951469345694,,67.79797397280234,,,-1.2354698181152344,5.672637939453125,-0.6040878295898438,3.490264892578125,0.005674565358224594,0.007239835134931232,0.009196562482379085,0.014401535697466522,0.025106532621968686,0.028052553515175764,0.04081976506492288,-0.009208725975926695
2007-05-03,68.44426727294922,1.2888984785720936,0.8466653579652392,0.4422331206068544,,69.23520494062679,,,-1.2354698181152344,5.672637939453125,-0.6040878295898438,3.87646484375,0.0015564376694254803,0.0035021240921012486,0.008677728004519387,0.01932232148759013,0.022251719321329418,0.03494689128801766,0.03094315797781037,0.005674565358224594
2007-05-04,68.55079650878906,1.3398956106437083,0.9453114085009331,0.39458420214277523,,69.63775375181937,,,-1.2354698181152344,5.672637939453125,-0.6040878295898438,3.9829940795898438,0.0019426627891317727,0.007110223715065736,0.01773827529829974,0.020663120792334858,0.03333856422139344,0.029341052788564165,0.02212598872131498,0.0015564376694254803
2007-05-07,68.68396759033203,1.375204497140345,1.0312900262288156,0.3439144709115294,,70.16333587617068,,,-1.2354698181152344,5.672637939453125,-0.6040878295898438,4.1161651611328125,0.005157541561858341,0.01576498645660755,0.018684160978923184,0.03133502803929333,0.027345267366061486,0.02014419255888196,0.03026433080867688,0.0019426627891317727
2007-05-08,69.0382080078125,1.4154548033724552,1.1081229816575435,0.3073318217149117,,71.57298434497746,,,-1.2354698181152344,5.672637939453125,-0.6040878295898438,4.470405578613281,0.010553017269578347,0.013457213280265081,0.026043167757324143,0.022073878856568963,0.014909753324575068,0.024977964357514044,0.019556577451415497,0.005157541561858341
2007-05-09,69.76676940917969,1.4889782627417532,1.1842940378743856,0.30468422486736757,,74.26589732246174,,,-1.2354698181152344,5.672637939453125,-0.6040878295898438,5.198966979980469,0.00287386803171753,0.015328389726249853,0.011400551371484624,0.0043112394704121725,0.014274310047493185,0.00890953767686919,0.034585164585809784,0.010553017269578347
2007-05-10,69.96726989746094,1.5456080403698422,1.256556838373477,0.28905120199636514,,74.96866066115683,,,-1.2354698181152344,5.672637939453125,-0.6040878295898438,5.399467468261719,0.012418831611373115,0.00850224899817354,0.0014332524602676988,0.011367772537687757,0.006018373633563231,0.03162042362947414,0.022545157157266307,0.00287386803171753
2007-05-11,70.836181640625,1.641677229813837,1.333580916661549,0.3080963131522878,,77.79830074425233,,,-1.2354698181152344,5.672637939453125,-0.6040878295898438,6.268379211425781,-0.003868539867997036,-0.010850824587706146,-0.001038166261696738,-0.006321946785228075,0.018966055765220837,0.010002111013458787,0.006793478260869565,0.012418831611373115
2007-05-14,70.56214904785156,1.6763763910109333,1.402140011531426,0.2742363794795073,,74.92178686278757,,,-1.2354698181152344,5.672637939453125,-0.6040878295898438,5.994346618652344,-0.007009400866411597,0.0028413655421797735,-0.002462934879002742,0.02292327523737874,0.013924518436168803,0.010703424754252533,9.482391188750187e-05,-0.003868539867997036
2007-05-15,70.06755065917969,1.6450031969435486,1.4507126486138506,0.19429054832969794,,69.89837698451191,,,-1.2354698181152344,5.672637939453125,-0.6040878295898438,5.499748229980469,0.009920301780486578,0.004578558942426818,0.03014396725397745,0.02108168931392283,0.01783785832022887,0.007154372644109351,-0.008394587306865693,-0.007009400866411597
2007-05-16,70.76264190673828,1.6571254584117412,1.4919952105734289,0.16513024783831232,,72.67156350489672,,,-1.2354698181152344,5.672637939453125,-0.6040878295898438,6.1948394775390625,-0.005289271666924888,0.02002501131805808,0.01105175082999991,0.00783978352131714,-0.002738759812532635,-0.01813498456765665,-0.006517411696235936,0.009920301780486578
2007-05-17,70.38835906982422,1.6178810157807249,1.5171723716148882,0.10070864416583669,,68.98608853908571,,,-1.2354698181152344,5.672637939453125,-0.6040878295898438,5.820556640625,0.02544888907291103,0.01642791419803916,0.013198867584592707,0.0025640739380245465,-0.012914018653702933,-0.0012346705372014545,0.005697412177812068,-0.005289271666924888
2007-05-18,72.1796646118164,1.7115927234420667,1.556056441980324,0.1555362814617427,,75.41284310055022,,,-1.2354698181152344,5.672637939453125,-0.6040878295898438,7.6118621826171875,-0.008797098491205703,-0.011946008834622011,-0.022316875447177295,-0.03741084332471913,-0.026021345280540103,-0.019261298252471557,-0.009815941322939777,0.02544888907291103
2007-05-21,71.54469299316406,1.714855240225063,1.5878162016292718,0.12703903859579113,,69.88461355623396,,,-1.2354698181152344,5.672637939453125,-0.6040878295898438,6.976890563964844,-0.0031768574714854886,-0.013639767332593549,-0.028867696805525905,-0.01737711498131806,-0.010557071357778924,-0.001027885239422934,-0.004110901128722285,-0.008797098491205703
2007-05-22,71.3174057006836,1.6797376532306743,1.6062004919495523,0.07353716128112198,,67.96406356863125,,,-1.2354698181152344,5.672637939453125,-0.6040878295898438,6.749603271484375,-0.01049625496712298,-0.025772715578085127,-0.014245513475753166,-0.007403734495542494,0.002155820968011969,-0.0009370204376149679,-0.0014991899089777554,-0.0031768574714854886
2007-05-23,70.56884002685547,1.5733669241606805,1.599633778391778,-0.026266854231097536,70.56884002685547,61.927788082289815,,70.56884002685547,3.758708953857422,5.672637939453125,7.7457275390625,6.00103759765625,-0.01543850711798425,-0.003789029124397717,0.0031253246762373158,0.012786284032421297,0.00966063501779915,0.009092502280369128,0.006156158769693692,-0.01049625496712298
2007-05-24,69.47936248779297,1.3851880373098595,1.5567446301753942,-0.1715565928655347,,54.360409055094685,,,3.758708953857422,5.672637939453125,7.7457275390625,4.91156005859375,0.01183214870559897,0.018854923667470866,0.02866737258613043,0.025492711544418626,0.024915670149302734,0.021933283033917846,0.018181470789022575,-0.01543850711798425
2007-05-25,70.30145263671875,1.287548658781958,1.502905435896707,-0.2153567771147491,,58.48301281524664,,,3.758708953857422,5.672637939453125,7.7457275390625,5.733650207519531,0.006940652133711981,0.016638356373701077,0.013500819139118212,0.012930525542641682,0.009983013824220646,0.006275074469165728,-0.02633562651770808,0.01183214870559897
2007-05-29,70.78939056396484,1.2353014742594155,1.449384643569249,-0.2140831693098335,,60.74926118087086,,,3.758708953857422,5.672637939453125,7.7457275390625,6.221588134765625,0.009630859792421346,0.006514949010654408,0.005948586340453265,0.003021391264779991,-0.000660989963148166,-0.033046911534366466,-0.03880667439276599,0.006940652133711981
2007-05-30,71.47115325927734,1.2346751888691472,1.4064427526292287,-0.1717675637600815,,63.72846964823831,,,3.758708953857422,5.672637939453125,7.7457275390625,6.903350830078125,-0.0030861881365309733,-0.0036471482782580067,-0.006546420866137404,-0.010193675892281562,-0.042270668445655774,-0.0479754889773734,-0.036098292172593825,0.009630859792421346
2007-05-31,71.25057983398438,1.2025185360315334,1.3656579093096897,-0.1631393732781563,,62.08653776206221,,,3.758708953857422,5.672637939453125,7.7457275390625,6.682777404785156,-0.0005626967296986944,-0.0034709447180177313,-0.0071294907053850555,-0.03930578535759243,-0.04502826654285554,-0.03311430099895534,-0.03170739855718348,-0.0030861881365309733
2007-06-01,71.21048736572266,1.1604224027386465,1.324610807995481,-0.16418840525683454,,61.77498715552353,,,3.758708953857422,5.672637939453125,7.7457275390625,6.6426849365234375,-0.0029098853713012663,-0.006570491169579998,-0.03876490151120118,-0.04449060453082866,-0.032569931263064886,-0.031162236716175074,-0.03942241132429676,-0.0005626967296986944
2007-06-04,71.0032730102539,1.0976869947055405,1.2792260453374928,-0.1815390506319523,,60.09648479183001,,,3.758708953857422,5.672637939453125,7.7457275390625,6.4354705810546875,-0.003671288827932956,-0.03595965461281479,-0.04170206739539427,-0.02974660510279813,-0.028334802371794202,-0.036619083287765024,-0.02927564602143804,-0.0029098853713012663
2007-06-05,70.74259948730469,1.0152315991770422,1.2264271561054028,-0.21119555692836056,,57.96284665628963,,,3.758708953857422,5.672637939453125,7.7457275390625,6.174797058105469,-0.03240734249934267,-0.03817091502133111,-0.02617139903977126,-0.024754394074268358,-0.03306920104818895,-0.025698704560450213,-0.01880176533000071,-0.003671288827932956
2007-06-06,68.45001983642578,0.7561763558959598,1.1323769960635142,-0.3762006401675544,,43.376704433009735,,,3.758708953857422,5.672637939453125,7.7457275390625,3.8822174072265625,-0.005956610436540565,0.006444802377561628,0.007909266741277553,-0.0006840260141658143,0.006933328696624487,0.014061265413573809,0.026169205766327037,-0.03240734249934267
2007-06-07,68.04228973388672,0.5120699735684013,1.0083155915644917,-0.49624561799609035,,41.38218977601066,,,3.758708953857422,5.672637939453125,7.7457275390625,3.4744873046875,0.012475725852921123,0.01394896573268035,0.005304179352462914,0.012967179570326153,0.020137829052819668,0.0323183238681119,0.03467635984279312,-0.005956610436540565
2007-06-08,68.89116668701172,0.38269965918991034,0.8831924050895754,-0.5004927458996651,,46.86059343513989,,,3.758708953857422,5.672637939453125,7.7457275390625,4.3233642578125,0.0014550866180205483,-0.0070831787047702455,0.00048539802471908545,0.007567690764579965,0.01959809752325187,0.02192707777874865,0.03327828168877758,0.012475725852921123
2007-06-11,68.99140930175781,0.284976462956422,0.7635492166629448,-0.47857275370652286,,47.48476229946916,,,3.758708953857422,5.672637939453125,7.7457275390625,4.423606872558594,-0.008525859458785192,-0.0009682796625220257,0.006103722701336593,0.018116649610819255,0.020442245922244355,0.031776956846088875,0.02693312567000507,0.0014550866180205483
2007-06-12,68.4031982421875,0.1582422906373182,0.6424878314578195,-0.4842455408205013,,44.203734955528596,,,3.758708953857422,5.672637939453125,7.7457275390625,3.8353958129882812,0.0076225687461074065,0.014755384494582937,0.026871612662596658,0.029217207183252165,0.04064938726780511,0.03576390314066518,0.04162643947897687,-0.008525859458785192
2007-06-13,68.92460632324219,0.09873961177471813,0.5337381875211993,-0.43499857574648115,,47.65635508269956,,,3.758708953857422,5.672637939453125,7.7457275390625,4.356803894042969,0.007078856676812685,0.019103426732931257,0.02143127705448011,0.03277697378572664,0.027928447880615704,0.033746634689995204,0.012799966703881277,0.0076225687461074065
2007-06-14,69.41251373291016,0.08991685489834822,0.4449739209966291,-0.35505706609828086,,50.72878030564244,,,3.758708953857422,5.672637939453125,7.7457275390625,4.8447113037109375,0.011940048166434144,0.014251535798326605,0.025517482507490353,0.020703037369489703,0.026480327569562534,0.00568089578004574,0.012036222758821491,0.007078856676812685
2007-06-15,70.24130249023438,0.14809394790256647,0.3855979263778166,-0.23750397847525012,,55.5063448789958,,,3.758708953857422,5.672637939453125,7.7457275390625,5.673500061035156,0.002284214006630846,0.013417231945368292,0.00865959324263675,0.014368716239143195,-0.006185299611107949,9.50398124489772e-05,0.002284214006630846,0.011940048166434144
2007-06-18,70.40174865722656,0.2047857355388345,0.34943548821002024,-0.14464975267118574,,56.3879814946027,,,3.758708953857422,5.672637939453125,7.7457275390625,5.833946228027344,0.011107645698851436,0.0063608496940407025,0.012056961552057729,-0.008450211526211629,-0.002184185048101921,0.0,0.0009490991144270218,0.002284214006630846
2007-06-19,71.18374633789062,0.30925021906138284,0.3413984343802928,-0.03214821531890999,,60.49652283456932,,,3.758708953857422,5.672637939453125,7.7457275390625,6.615943908691406,-0.0046946495014681365,0.0009388870287398035,-0.01934300201196202,-0.01314581172785652,-0.010985621309563057,-0.010046948638592373,-0.005164414552491716,0.011107645698851436
2007-06-20,70.84956359863281,0.36091294097943205,0.34530133570012067,0.01561160527931138,-70.84956359863281,57.98265298641801,,,3.758708953857422,5.672637939453125,7.7457275390625,6.281761169433594,0.005660108756962067,-0.014717445759893453,-0.00849102461084464,-0.006320645021092149,-0.005377544825257253,-0.00047198083561821735,-0.0070758358949663345,-0.0046946495014681365
2007-06-21,71.25057983398438,0.42926636363866066,0.3620943412878287,0.06717202235083197,,60.12399782530616,,,3.758708953857422,5.672637939453125,7.7457275390625,6.682777404785156,-0.02026286450005761,-0.014071487219770603,-0.011913323073799683,-0.010975530883751888,-0.006097576645612207,-0.012664263542948483,-0.014915585853493687,0.005660108756962067
2007-06-22,69.80683898925781,0.3627574808021734,0.36222696919069763,0.0005305116114757702,,50.20406296877948,,-69.80683898925781,3.758708953857422,5.672637939453125,7.7457275390625,5.239036560058594,0.006319426972753926,0.008522226139766869,0.00947941369147609,0.01445825348573432,0.007755754765008161,0.005457870741865162,0.02049045861721263,-0.02026286450005761
2007-06-25,70.24797821044922,0.34170598647200734,0.3581227726469596,-0.016416786174952236,70.24797821044922,52.76834195592786,,,3.157123565673828,5.672637939453125,7.7457275390625,5.68017578125,0.002188966155249017,0.0031401428155154966,0.008087716777429114,0.001427308023432527,-0.0008561458795250807,0.014082041213383419,0.028068943039418877,0.006319426972753926
2007-06-26,70.40174865722656,0.33358515348935214,0.3532152488154381,-0.01963009532608595,,53.66405981114701,,,3.157123565673828,5.672637939453125,7.7457275390625,5.833946228027344,0.0009490991144270218,0.005885866659268649,-0.0007599945295132112,-0.003038460946597949,0.01186709838141647,0.025823450225614233,0.035127395803373714,0.002188966155249017
2007-06-27,70.46856689453125,0.3287513670515665,0.3483224724626638,-0.0195711054110973,,54.071651845303585,,,3.157123565673828,5.672637939453125,7.7457275390625,5.900764465332031,0.004932086505906595,-0.0017074730827494875,-0.0039837790598471964,0.010907646829043521,0.02485076527187484,0.03414588885607207,0.03357683942845611,0.0009490991144270218
2007-06-28,70.81612396240234,0.34894310825326613,0.3484465996207843,0.0004965086324818513,-70.81612396240234,56.22847803879044,,,3.157123565673828,5.672637939453125,7.7457275390625,6.248321533203125,-0.006606973424185772,-0.008872107563759621,0.0059462329876575236,0.019820920272557316,0.02907042450175937,0.028504167900684454,0.02529538049459325,0.004932086505906595
2007-06-29,70.3482437133789,0.32346250832391377,0.3434497813614102,-0.019987273037496422,70.3482437133789,52.64438209566465,,,2.6892433166503906,5.672637939453125,7.7457275390625,5.7804412841796875,-0.00228019935612159,0.0126366967313166,0.02660366339377172,0.03591468529724202,0.035344662571164726,0.03211453379006007,0.03657949490737402,-0.006606973424185772
2007-07-02,70.18783569335938,0.28701681153070524,0.33216318739526923,-0.04514637586456399,,51.4339260504953,,,2.6892433166503906,5.672637939453125,7.7457275390625,5.620033264160156,0.014950987319096574,0.02894987423448258,0.03828217564562168,0.03771085018359374,0.03447333923210206,0.03894850461864895,0.040662915803410124,-0.00228019935612159
2007-07-03,71.23721313476562,0.338902664793153,0.33351108287484604,0.005391581918306965,-71.23721313476562,58.20438407378507,,,2.6892433166503906,5.672637939453125,7.7457275390625,6.669410705566406,0.013792672838678475,0.022987502468619084,0.022424593058050356,0.019234773064827543,0.023644015917398828,0.025333172542872578,0.018953211261101287,0.014950987319096574
2007-07-05,72.21976470947266,0.45407201829686983,0.3576232699592508,0.09644874833761902,,63.355508787159145,,,2.6892433166503906,5.672637939453125,7.7457275390625,7.6519622802734375,0.009069733759462429,0.008514482744486603,0.005368060326290259,0.009717315327537356,0.011383490937925239,0.005090329177437244,0.014900714547629413,0.013792672838678475
2007-07-06,72.8747787475586,0.5913816399684748,0.40437494396109563,0.18700669600737918,,66.33429278587428,,,2.6892433166503906,5.672637939453125,7.7457275390625,8.306976318359375,-0.0005502603005514224,-0.003668402003676149,0.0006417609669673172,0.002292960635973602,-0.003943636845789865,0.00577857069049397,0.015958909709885307,0.009069733759462429
2007-07-09,72.83467864990234,0.6890221432888239,0.4613043838266413,0.22771775946218265,,65.98068109391943,,,2.6892433166503906,5.672637939453125,7.7457275390625,8.266876220703125,-0.00311985843736615,0.001192677550626208,0.002844786309494692,-0.0033952448136700584,0.006332315412827642,0.016518259352792785,0.01936262666437754,-0.0005502603005514224
2007-07-10,72.6074447631836,0.7395420891914313,0.5169519248995993,0.22259016429183198,,63.90187276065926,,,2.6892433166503906,5.672637939453125,7.7457275390625,8.039642333984375,0.004326032597291338,0.005983311832765688,-0.00027624823168032373,0.009481755585357814,0.01969957768380831,0.022552846791091503,0.06655596422454053,-0.00311985843736615
2007-07-11,72.92154693603516,0.7957519969016715,0.5727119393000137,0.2230400576016578,,65.51905634694137,,,2.6892433166503906,5.672637939453125,7.7457275390625,8.353744506835938,0.0016501406731322635,-0.004582456970740553,0.005133515233826252,0.01530732509916067,0.01814830403894215,0.06196188250374844,0.05233777078047824,0.004326032597291338
2007-07-12,73.04187774658203,0.8403217385769608,0.6262338991554032,0.21408783942155762,,66.14479175054964,,,2.6892433166503906,5.672637939453125,7.7457275390625,8.474075317382812,-0.006222329924183275,0.0034776359721300286,0.013634685277286998,0.016470983925308227,0.06021238292851961,0.05060412618050721,0.0649706045022089,0.0016501406731322635
2007-07-13,72.58738708496094,0.8294090704316801,0.6668689334106587,0.16254013702102144,,61.59794210110483,,,2.6892433166503906,5.672637939453125,7.7457275390625,8.019584655761719,0.009760700193206472,0.01998134572691229,0.02283540326254281,0.06685067983831282,0.05718226301095607,0.0716386940158967,0.06970505269296105,-0.006222329924183275
2007-07-16,73.29589080810547,0.8679261195096473,0.7070803706304564,0.1608457488791909,,65.57113377986255,,,2.6892433166503906,5.672637939453125,7.7457275390625,8.72808837890625,0.010121849198280552,0.012948318415278631,0.056538127928907125,0.04696316940110267,0.06127985948636203,0.05936490941693898,0.07696450488022376,0.009760700193206472
2007-07-17,74.03778076171875,0.9473945033260804,0.7551431971695812,0.1922513061564992,,69.16832982493004,,,2.6892433166503906,5.672637939453125,7.7457275390625,9.469978332519531,0.0027981467970833486,0.04595116793827054,0.036472154554485235,0.05064538533513048,0.0487496238772995,0.0661728639322031,0.051999530104242665,0.010121849198280552
2007-07-18,74.24494934082031,1.015385807460163,0.8071917192276976,0.20819408823246532,,70.10755957243174,,,2.6892433166503906,5.672637939453125,7.7457275390625,9.677146911621094,0.04303260958251374,0.03358004585963384,0.047713728521408046,0.045823256880743374,0.06319788018908622,0.04906409476753375,0.040872085244579574,0.0027981467970833486
2007-07-19,77.43990325927734,1.3119521183542702,0.9081437990530121,0.40380831930125805,,80.15032905321246,,,2.6892433166503906,5.672637939453125,7.7457275390625,12.872100830078125,-0.009062577369142273,0.004487989057952831,0.0026755129922032103,0.019333307915122486,0.005782642967830299,-0.0020713871436856975,-0.0115658770568431,0.04303260958251374
2007-07-20,76.73809814453125,1.4733691662447796,1.0211888724913658,0.45218029375341384,,74.24938375189042,,,2.6892433166503906,5.672637939453125,7.7457275390625,12.170295715332031,0.01367449257403102,0.011845440583101417,0.02865557868313824,0.014980986687897735,0.007055127867605945,-0.002526193511851406,-0.036234059797482975,-0.009062577369142273
2007-07-23,77.7874526977539,1.6667541776269559,1.1503019335184839,0.516452244108472,,76.9786026273259,,,2.6892433166503906,5.672637939453125,7.7457275390625,13.219650268554688,-0.0018043780368637659,0.014778990907688364,0.0012888694777641327,-0.006530069321973837,-0.015982138452299323,-0.04923528483466211,-0.03729159100202172,0.01367449257403102
2007-07-24,77.6470947265625,1.7880756540549783,1.2778566776257827,0.5102189764291956,,75.82105182989199,,,2.6892433166503906,5.672637939453125,7.7457275390625,13.079292297363281,0.016613345700653214,0.0030988389916441986,-0.00473423363229757,-0.01420338869805136,-0.04751664478803933,-0.03555136106023566,-0.025307741889841768,-0.0018043780368637659
2007-07-25,78.93707275390625,1.9656553924228177,1.4154164205851898,0.5502389718376279,,78.95347450592833,,,2.6892433166503906,5.672637939453125,7.7457275390625,14.369270324707031,-0.013293654629031822,-0.020998720332790797,-0.030313131859847447,-0.06308198762086283,-0.05131223879904585,-0.041236019345784636,-0.05258233749966172,0.016613345700653214
2007-07-26,77.88771057128906,1.9986743820757482,1.5320680128833015,0.4666063691924467,,70.90609799890517,,,2.6892433166503906,5.672637939453125,7.7457275390625,13.319908142089844,-0.007808874180151471,-0.017248776508492884,-0.05045911909395118,-0.03853079930860314,-0.028318825401135363,-0.03981800974013062,-0.022654942776389773,-0.013293654629031822
2007-07-27,77.27949523925781,1.9532484428432184,1.616304098875285,0.3369443439679334,,66.66482290610747,,,2.6892433166503906,5.672637939453125,7.7457275390625,12.711692810058594,-0.009514197499540437,-0.0429859165274813,-0.030963716897856864,-0.02067137135905796,-0.03226105810362894,-0.014962912094150186,-0.01807659022281966,-0.007808874180151471
2007-07-30,76.54424285888672,1.836746466459445,1.6603925723921171,0.17635389406732793,,61.84860093735374,,,2.6892433166503906,5.672637939453125,7.7457275390625,11.9764404296875,-0.033793234535459515,-0.02165555462195176,-0.01126434506315132,-0.022965357551480856,-0.0055010526964188585,-0.008644639531090351,-0.009959127091750095,-0.009514197499540437
2007-07-31,73.95756530761719,1.5181937576078042,1.6319528094352547,-0.1137590518274505,73.95756530761719,48.557604147052665,,,5.409595489501953,5.672637939453125,7.7457275390625,9.389762878417969,0.012562197189410184,0.02331684094705814,0.011206583695129427,0.029281705376424393,0.026028171094701482,0.024667709123574882,0.0042611921930032146,-0.033793234535459515
2007-08-01,74.88663482666016,1.3254278788857619,1.5706478233253562,-0.24521994443959438,,52.50546564962438,,,5.409595489501953,5.672637939453125,7.7457275390625,10.318832397460938,0.010621217923698755,-0.0013387952839278038,0.01651208017978836,0.013298910370808903,0.011955326761917656,-0.008198019854432883,0.008909952085167797,0.012562197189410184
2007-08-02,75.68202209472656,1.222745586412131,1.5010673759427111,-0.27832178953058007,,55.643873902845236,,,5.409595489501953,5.672637939453125,7.7457275390625,11.114219665527344,-0.011834318333626687,0.005828951689924206,0.0026495509886596434,0.0013200878969865705,-0.018621455243929462,-0.0016932811306363822,-0.001073207770242003,0.010621217923698755
2007-08-03,74.786376953125,1.0569145985467685,1.4122368204635227,-0.3553222219167542,,51.515792864196875,,,5.409595489501953,5.672637939453125,7.7457275390625,10.218574523925781,0.01787480616991757,0.014657328817432466,0.013311944013710927,-0.006868419978780706,0.010262486737941728,0.010889986125846731,0.004970619440137109,-0.011834318333626687
2007-08-06,76.1231689453125,1.0215841020342111,1.3341062767776604,-0.31252217474344923,,56.6813621668175,,76.1231689453125,5.409595489501953,5.672637939453125,14.062057495117188,11.555366516113281,-0.003160975527621027,-0.004482734152126119,-0.024308712622333833,-0.007478640188197261,-0.006862160259524921,-0.01267757748945239,-0.019902650091965856,0.01787480616991757
2007-08-07,75.8825454711914,0.9630664945570686,1.259898320333542,-0.2968318257764735,,55.534426581947706,,,5.409595489501953,5.672637939453125,14.062057495117188,11.314743041992188,-0.0013259499197522803,-0.021214796547422667,-0.004331355970801352,-0.003712921184905365,-0.009546779096924345,-0.016794762397274825,-0.030407365637728324,-0.003160975527621027
2007-08-08,75.78192901611328,0.898217865563808,1.1875622293795953,-0.2893443638157873,,55.032965346851014,,,5.409595489501953,5.672637939453125,14.062057495117188,11.214126586914062,-0.019915253256127197,-0.0030093963599109987,-0.0023901404717197585,-0.008231744057544588,-0.015489350580682015,-0.02912002741599146,-0.01841045440052738,-0.0013259499197522803
2007-08-09,74.27271270751953,0.7167811103614525,1.093406005575967,-0.37662489521451437,,48.027567200191264,,,5.409595489501953,5.672637939453125,14.062057495117188,9.704910278320312,0.01724938272162931,0.017881221845999513,0.011920917285366017,0.00451583670713101,-0.00939181452465739,0.001535376262715236,-0.013636569546011622,-0.019915253256127197
2007-08-10,75.55387115478516,0.6686620345818,1.0084572113771335,-0.33979517679533355,,53.44520945676055,,,5.409595489501953,5.672637939453125,14.062057495117188,10.986068725585938,0.0006211250998056447,-0.005238111250563844,-0.01251762471502314,-0.02618944547796995,-0.015447545828803139,-0.030362222668551753,-0.031960223758524815,0.01724938272162931
2007-08-13,75.60079956054688,0.6270854003470419,0.9321828491711153,-0.3050974488240734,,53.63585959717606,,,5.409595489501953,5.672637939453125,14.062057495117188,11.032997131347656,-0.005855599290675646,-0.013130594073274514,-0.026793928196450392,-0.016058696469161627,-0.030964115179226308,-0.032561124326733235,-0.024043641289846512,0.0006211250998056447
2007-08-14,75.15811157226562,0.5520507003817414,0.8561564194132406,-0.3041057190314992,,51.493597484232026,,,5.409595489501953,5.672637939453125,14.062057495117188,10.590309143066406,-0.007317845151477131,-0.02106165753268358,-0.010263194331936133,-0.02525640728915807,-0.026862822963146134,-0.018295171190617437,-0.00535451589077551,-0.005855599290675646
2007-08-15,74.60811614990234,0.44309737525878745,0.77354461058235,-0.33044723532356257,,48.881394227400556,,,5.409595489501953,5.672637939453125,14.062057495117188,10.040313720703125,-0.013845128890529588,-0.0029670616783762406,-0.01807080146456169,-0.019689059298795844,-0.011058248589968234,0.0019778025132336677,0.01807080146456169,-0.007317845151477131
2007-08-16,73.57515716552734,0.2702842542549462,0.6728925393168693,-0.40260828506192314,,44.3327013590656,,,5.409595489501953,5.672637939453125,14.062057495117188,9.007354736328125,0.011030789920365157,-0.004284998936605181,-0.005925976314137717,0.0028260067279554002,0.01604507757078938,0.03236401430455275,0.034186873155715114,-0.013845128890529588
2007-08-17,74.38674926757812,0.19655158634709835,0.5776243487229151,-0.3810727623758168,,48.39588786580248,,,5.409595489501953,5.672637939453125,14.062057495117188,9.818946838378906,-0.015148686874488462,-0.016771760468183655,-0.008115265404583785,0.004959579570093189,0.021100469537498386,0.02290344019807139,0.009919056576294202,0.011030789920365157
2007-08-20,73.2598876953125,0.046651831237454644,0.4714298452258231,-0.42477801398836845,,43.63370426799582,,,5.409595489501953,5.672637939453125,14.062057495117188,8.692085266113281,-0.0016480392238542353,0.00714160744486749,0.020417565754942555,0.03680673004024027,0.03863743345358205,0.025453327945746444,0.048983578968415965,-0.015148686874488462
2007-08-21,73.13915252685547,-0.08095393712977739,0.360953088754703,-0.4419070258844804,,43.14385269797542,,,5.409595489501953,5.672637939453125,14.062057495117188,8.57135009765625,0.008804156263577043,0.022102029991149005,0.03851824884903189,0.040351974313865495,0.027146105015440992,0.050715198829186264,0.05805197832993185,-0.0016480392238542353
2007-08-22,73.7830810546875,-0.1286398965975053,0.26303449168426135,-0.39167438828176665,,46.587911348223464,,,5.409595489501953,5.672637939453125,14.062057495117188,9.215278625488281,0.013181818933840257,0.029454768203483937,0.031272490160167164,0.018181872703418585,0.0415452715032816,0.048818020584649034,0.060817942825566525,0.008804156263577043
2007-08-23,74.75567626953125,-0.08694876626020687,0.19303784009536773,-0.2799866063555746,,51.37861777156399,,,5.409595489501953,5.672637939453125,14.062057495117188,10.187873840332031,0.016061233004326433,0.017855305818025354,0.0049350014737136036,0.02799443499616671,0.03517256329007991,0.04701636271153505,0.06047563392137636,0.013181818933840257
2007-08-24,75.95634460449219,0.04248590407227937,0.16292745289075009,-0.12044154881847072,,56.558718844139044,,,5.409595489501953,5.672637939453125,14.062057495117188,11.388542175292969,0.001765713281269618,-0.010950355322301182,0.011744569721015494,0.018809230846495745,0.030465811214624713,0.04371232704718379,0.04097451221655827,0.016061233004326433
2007-08-27,76.09046173095703,0.15410946608412246,0.16116385552942455,-0.007054389445302095,,57.108422740880464,,,5.409595489501953,5.672637939453125,14.062057495117188,11.522659301757812,-0.012693655247911705,0.009961267697074868,0.017013476643556028,0.028649511111084373,0.04187267862115047,0.03913968946577417,0.03684787697267382,0.001765713281269618
2007-08-28,75.12459564208984,0.16275844386373706,0.16148277319628707,0.0012756706674499907,-75.12459564208984,52.00470990131377,,-75.12459564208984,5.409595489501953,5.672637939453125,14.062057495117188,10.556793212890625,0.02294619402114265,0.03008907220071311,0.041874709484802625,0.05526788535200159,0.05249975854930941,0.05017848055359692,0.03169620455763441,-0.012693655247911705
2007-08-29,76.84841918945312,0.30519290095806184,0.19022479874864204,0.1149681022094198,,59.040339774910485,,,5.409595489501953,5.672637939453125,14.062057495117188,12.280616760253906,0.006982652871987544,0.01850392090443493,0.03159666805524172,0.028890634425251045,0.026621426123504818,0.008553734876412186,0.010735875947960601,0.02294619402114265
2007-08-30,77.38502502441406,0.4561150305193422,0.2434028451027821,0.21271218541656012,,60.95889257890323,,,5.409595489501953,5.672637939453125,14.062057495117188,12.817222595214844,0.011441376869390842,0.024443335853952624,0.021756066493082427,0.019502593411620417,0.001560187754916933,0.0037271973506878137,0.017162163894149766,0.006982652871987544
2007-08-31,78.27041625976562,0.639790472391482,0.3226803705605221,0.3171101018309599,,63.95862982480458,,,5.409595489501953,5.672637939453125,14.062057495117188,13.702613830566406,0.012854881441379619,0.010198010344027621,0.007970028443151712,-0.009769413572003673,-0.007626917085970839,0.005656073753345823,-0.005912822422327192,0.011441376869390842
2007-09-04,79.27657318115234,0.8566679037991776,0.4294778772082532,0.42719002659092437,,67.05638782924947,,,5.409595489501953,5.672637939453125,14.062057495117188,14.708770751953125,-0.0026231508047540267,-0.004822855759234079,-0.02233715355272512,-0.02022184905522013,-0.007107442359155414,-0.018529509219522892,-0.01895247388133065,0.012854881441379619
2007-09-05,79.06861877441406,1.0002345665719758,0.5436292150809978,0.45660535149097803,,65.79762615218863,,,5.409595489501953,5.672637939453125,14.062057495117188,14.500816345214844,-0.00220549028810417,-0.01976585155739051,-0.01764498370366825,-0.004496085464606112,-0.015948192929887275,-0.016372270009828552,-0.023328774464519465,-0.0026231508047540267
2007-09-06,78.89423370361328,1.0874058258705617,0.6523845372389107,0.435021288631651,,64.7007973473472,,,5.409595489501953,5.672637939453125,14.062057495117188,14.326431274414062,-0.01759917608121209,-0.015473620334934591,-0.00229565822842955,-0.013773079033829506,-0.014198093479001916,-0.02116997434924196,-0.026356020917093173,-0.00220549028810417
2007-09-07,77.5057601928711,1.0325488877020348,0.7284174073315356,0.3041314803704992,,56.60929200287677,,,5.409595489501953,5.672637939453125,14.062057495117188,12.937957763671875,0.0021636339206218035,0.015577672046056461,0.003894639493603351,0.003462011145963095,-0.003634767175566883,-0.008913718945134949,0.009346642602227518,-0.01759917608121209
2007-09-10,77.67345428466797,0.991180172668308,0.7809699603988902,0.21021021226941783,,57.30379451178525,,,5.409595489501953,5.672637939453125,14.062057495117188,13.10565185546875,0.013385077717255446,0.0017272683964888861,0.0012955740773209217,-0.005785882564411592,-0.01105343727393141,0.007167500833675889,0.0075127580650468555,0.0021636339206218035
2007-09-11,78.71311950683594,1.0304095427416797,0.8308578768674482,0.19955166587423157,,61.4260219501325,,,5.409595489501953,5.672637939453125,14.062057495117188,14.145317077636719,-0.011503829666632614,-0.011929822044713012,-0.018917744797319707,-0.024115724149241364,-0.0061354533634787965,-0.005794756387607896,-0.004175209938155018,0.013385077717255446
2007-09-12,77.8076171875,0.9771684420516777,0.8601199899042942,0.11704845214738357,,56.32535097112253,,,5.409595489501953,5.672637939453125,14.062057495117188,13.239814758300781,-0.00043094995293379353,-0.007500196109193599,-0.012758668026357075,0.005430851898336994,0.005775513806087229,0.007413908064010041,0.006723799811735174,-0.011503829666632614
2007-09-13,77.77408599853516,0.9216446535930487,0.8724249226420452,0.049219730951003515,,56.139447660304924,,,5.409595489501953,5.672637939453125,14.062057495117188,13.206283569335938,-0.007072293961009436,-0.012333032993411324,0.005864329083613359,0.006209139587433987,0.007848240215695402,0.007157834433081012,0.002587206892678589,-0.00043094995293379353
2007-09-14,77.22404479980469,0.823762106570399,0.862692359427716,-0.038930252857316994,77.22404479980469,53.046511227325645,,,7.509044647216797,5.672637939453125,14.062057495117188,12.656242370605469,-0.005298209527648438,0.013028766309915816,0.013376032784326279,0.015026808181459824,0.014331484867974522,0.009728302267062245,0.011986374113186147,-0.007072293961009436
2007-09-17,76.81489562988281,0.7050472187774801,0.831163331297669,-0.12611611252018884,,50.804310157089766,,,7.509044647216797,5.672637939453125,14.062057495117188,12.247093200683594,0.01842459319276119,0.018773709357763322,0.020433277494611296,0.019734250590120538,0.015106549458984164,0.01737664876688992,0.024275144458607734,-0.005298209527648438
2007-09-18,78.23017883300781,0.7169023374935364,0.8083111325368425,-0.09140879504330612,,57.49677335095054,,78.23017883300781,7.509044647216797,5.672637939453125,17.167640686035156,13.662376403808594,0.000342800210575879,0.0019723446539648866,0.0012859640331873514,-0.003258016112292572,-0.00102898578144697,0.00574470736955111,0.009260189358350174,0.01842459319276119
2007-09-19,78.25699615478516,0.7201599822419809,0.7906809024778702,-0.0705209202358893,,57.61443465322931,,,7.509044647216797,5.672637939453125,17.167640686035156,13.689193725585938,0.0016289860266360517,0.0009428406166495456,-0.003599582385268795,-0.0013713159046419717,0.005400056018634922,0.008914333312437649,0.009685978796956431,0.000342800210575879
2007-09-20,78.38447570800781,0.7246746257379755,0.7774796471298913,-0.052805021391915785,,58.206716007872444,,,7.509044647216797,5.672637939453125,17.167640686035156,13.816673278808594,-0.0006850295064925963,-0.005220064998963404,-0.002995422429995688,0.003764936962296124,0.007273498857797491,0.008043889386909298,0.018569088408518192,0.0016289860266360517
2007-09-21,78.33078002929688,0.7156699233292585,0.7651177023697647,-0.049447779040506235,,57.840090622608784,,,7.509044647216797,5.672637939453125,17.167640686035156,13.762977600097656,-0.0045381442551903324,-0.0023119766957580092,0.004453016916769618,0.007963983928270186,0.008734902559391416,0.019267316595389567,0.013529792425653834,-0.0006850295064925963
2007-09-24,77.97530364990234,0.6721020843584142,0.7465145787674946,-0.07441249440908038,,55.35434191477351,,,7.509044647216797,5.672637939453125,17.167640686035156,13.407501220703125,0.0022363162853354067,0.009032150373288505,0.012559123296699663,0.013333556417036981,0.0239139859686221,0.01815030538495686,0.0012903631068867407,-0.0045381442551903324
2007-09-25,78.1496810913086,0.6442189057400753,0.7260554441620108,-0.0818365384219355,,56.34545221065796,,,7.509044647216797,5.672637939453125,17.167640686035156,13.581878662109375,0.006780670364391718,0.010299773460239857,0.011072478567561907,0.021629299728064426,0.0158784797966658,-0.0009438424482109412,-0.007037718064654379,0.0022363162853354067
2007-09-26,78.6795883178711,0.6573033860840667,0.712305032546422,-0.05500164646235528,,59.30215960585439,,,7.509044647216797,5.672637939453125,17.167640686035156,14.111785888671875,0.003495401927586117,0.004262902864053621,0.014748623807306939,0.009036535662709181,-0.007672488199248867,-0.013725321547983935,-0.008525029984899188,0.006780670364391718
2007-09-27,78.95460510253906,0.6820027835797049,0.7062445827530786,-0.024241799173373657,,60.78658231762923,,,7.509044647216797,5.672637939453125,17.167640686035156,14.386802673339844,0.0007648275567513642,0.011214024357366086,0.005521832710423242,-0.01112898983431603,-0.017160739792620124,-0.011978562023697962,0.0005097239876011935,0.003495401927586117
2007-09-28,79.0149917602539,0.6983992211665822,0.7046755104357794,-0.0062762892691972105,,61.12190097903752,,,7.509044647216797,5.672637939453125,17.167640686035156,14.447189331054688,0.010441211074658965,0.004753369645579513,-0.011884727623876169,-0.017911867859239854,-0.012733650533623169,-0.0002549086080223022,0.004244517992444084,0.0007648275567513642
2007-10-01,79.84000396728516,0.7690994070600254,0.7175602897606286,0.051539117299396864,-79.84000396728516,65.46665986110895,,,7.509044647216797,5.672637939453125,17.167640686035156,15.272201538085938,-0.005629067150804474,-0.022095237658399037,-0.028060097532783507,-0.02293538837715696,-0.010585593269009055,-0.00613266067763048,-0.003444503276654694,0.010441211074658965
2007-10-02,79.39057922363281,0.7798750784850768,0.7300232475055182,0.04985183097955859,,61.43871018339151,,,7.509044647216797,5.672637939453125,17.167640686035156,14.822776794433594,-0.01655938439432621,-0.022558010940350853,-0.017404291149947692,-0.004984584680087666,-0.0005064443360015037,0.002196930543705954,-0.002619191722527701,-0.005629067150804474
2007-10-03,78.07592010498047,0.6745569987291873,0.718929997750252,-0.04437299902106473,78.07592010498047,51.46384672391787,,,5.744960784912109,5.672637939453125,17.167640686035156,13.50811767578125,-0.006099632708712417,-0.0008591334771150665,0.0117696986788673,0.016323242912270962,0.0190721377990685,0.014174920631291122,0.012113176177964145,-0.01655938439432621
2007-10-04,77.59968566894531,0.546365363011887,0.6844170708025791,-0.1380517077906921,,48.39843702262284,,,5.744960784912109,5.672637939453125,17.167640686035156,13.031883239746094,0.005272660524192652,0.01797899666369945,0.02256048630115033,0.025326251338836352,0.020398979623338413,0.018324582107070334,0.020226137742983926,-0.006099632708712417
2007-10-05,78.00884246826172,0.4723432237143328,0.6420023013849299,-0.16965907767059707,,51.093721202912484,,,5.744960784912109,5.672637939453125,17.167640686035156,13.4410400390625,0.012639691337951202,0.017197151037553395,0.019948409622705634,0.015046981473919963,0.012983464183808446,0.014875046150159783,0.028374805313564358,0.005272660524192652
2007-10-08,78.9948501586914,0.4876217255101949,0.6111261862099829,-0.12350446069978804,,56.93184365514274,,,5.744960784912109,5.672637939453125,17.167640686035156,14.427047729492188,0.004500573835478089,0.0072174914209591975,0.00237724252422708,0.00033948189943358196,0.0022074532840551777,0.015538709483945983,-0.01689721656714165,0.012639691337951202
2007-10-09,79.35037231445312,0.52239586070435,0.5933801211088563,-0.07098426040450634,,58.839752452112194,,,5.744960784912109,5.672637939453125,17.167640686035156,14.782569885253906,0.002704744682332155,-0.0021138179176379236,-0.004142448540528192,-0.0022828464324983954,0.010988680281506511,-0.021301919540888555,-0.029586432029192127,0.004500573835478089
2007-10-10,79.56499481201172,0.5608082073345884,0.5868657383540027,-0.026057531019414326,,59.99198874482799,,,5.744960784912109,5.672637939453125,17.167640686035156,14.9971923828125,-0.004805564774201455,-0.006828723269908943,-0.004974137343302065,0.008261590107264126,-0.02394190747628933,-0.0322040729165538,-0.05344814806539964,0.002704744682332155
2007-10-11,79.1826400756836,0.554011141456499,0.580294818974502,-0.02628367751800298,,56.93416505075833,,,5.744960784912109,5.672637939453125,17.167640686035156,14.614837646484375,-0.002032927862230717,-0.00016938656722127117,0.013130253163544658,-0.019228747694661347,-0.02753080922939036,-0.048877467125468525,-0.03964406852659798,-0.004805564774201455
2007-10-12,79.02166748046875,0.5295311689541649,0.5701420889704345,-0.04061092001626965,,55.64816731634761,,,5.744960784912109,5.672637939453125,17.167640686035156,14.453865051269531,0.0018673374573546892,0.015194069472947599,-0.01723084890526002,-0.02554982231281441,-0.046939964825583866,-0.037687757155954585,-0.02656801893270286,-0.002032927862230717
2007-10-15,79.16922760009766,0.5160883377167096,0.5593313387196895,-0.04324300100297995,,56.61556039463443,,,5.744960784912109,5.672637939453125,17.167640686035156,14.601425170898438,0.013301892892740575,-0.019062590074135077,-0.027366058104809843,-0.04871633245056867,-0.039481369573037876,-0.028382356951793454,-0.04303995742839194,0.0018673374573546892
2007-10-16,80.22232818603516,0.5836828803522707,0.5642016470462058,0.019481233306064882,-80.22232818603516,62.84432722956268,,,5.744960784912109,5.672637939453125,17.167640686035156,15.654525756835938,-0.03193962548957903,-0.04013409160961192,-0.06120409502666739,-0.05209036204905781,-0.041137049221861434,-0.05560223534201606,-0.0567724793604809,0.013301892892740575
2007-10-17,77.6600570678711,0.4255922148103366,0.5364797605990319,-0.11088754578869531,77.6600570678711,45.66542246899244,,,3.182689666748047,5.672637939453125,17.167640686035156,13.092254638671875,-0.008464829607530519,-0.030230004561325362,-0.020815578335875645,-0.009500878224598167,-0.024443320350142385,-0.025652174724598808,-0.017706351834683342,-0.03193962548957903
2007-10-18,77.00267791748047,0.24444145100915193,0.47807209868105593,-0.233630647671904,,42.45862972311338,,,3.182689666748047,5.672637939453125,17.167640686035156,12.43487548828125,-0.02195098631264865,-0.012456188239350553,-0.0010448934621830506,-0.016114900630592115,-0.017334075109272415,-0.009320417977200793,0.0,-0.008464829607530519
2007-10-19,75.31239318847656,-0.035108971388197574,0.3754358846672053,-0.41054485605540286,,35.54653992930531,,,3.182689666748047,5.672637939453125,17.167640686035156,10.744590759277344,0.009707895964744829,0.02137530180787909,0.005967068725987317,0.00472053152629844,0.01291404434613071,0.022443646489546613,0.016387836066125126,-0.02195098631264865
2007-10-22,76.04351806640625,-0.19540650327334674,0.2612674070790949,-0.45667391035244165,,40.08973141120226,,,3.182689666748047,5.672637939453125,17.167640686035156,11.475715637207031,0.0115552288832865,-0.0037048608352054785,-0.0049394131296567854,0.0031753226791620816,0.012613301902163662,0.006615715424308751,0.024256920917218677,0.009707895964744829
2007-10-23,76.9222183227539,-0.24867313597302143,0.15927929846867164,-0.40795243444169305,,45.0985203177696,,,3.182689666748047,5.672637939453125,17.167640686035156,12.354415893554688,-0.015085770191053692,-0.01630621990966589,-0.008284180601167446,0.0010459864065407774,-0.004883088256516413,0.012556597673815893,-0.008981438750037318,0.0115552288832865
2007-10-24,75.76178741455078,-0.380142357848257,0.0513949672052859,-0.4315373250535429,,40.30599587602563,,,3.182689666748047,5.672637939453125,17.167640686035156,11.193984985351562,-0.001239143147367201,0.006905768425343614,0.016378844075309693,0.010358954745243548,0.02806576149298975,0.006197830487432893,0.014519776895826076,-0.015085770191053692
2007-10-25,75.66790771484375,-0.4863021817117783,-0.05614446257812694,-0.43015771913365136,,39.936247406492924,,,3.182689666748047,5.672637939453125,17.167640686035156,11.100105285644531,0.008155016805902514,0.01763984551636912,0.011612487426829594,0.029341262664923293,0.007446200543177094,0.01577847182843541,0.005229813759787311,-0.001239143147367201
2007-10-26,76.28498077392578,-0.5147087263879087,-0.14785731534008328,-0.36685141104782537,,43.59872699312688,,,3.182689666748047,5.672637939453125,17.167640686035156,11.717178344726562,0.009408105452390656,0.003429502966598575,0.02101486924713654,-0.0007030826122069343,0.007561788510149943,-0.0029015409310593995,-0.004923678532227537,0.008155016805902514
2007-10-29,77.00267791748047,-0.47384674593452303,-0.21305520145897122,-0.2607915444755518,,47.60072907531963,,,3.182689666748047,5.672637939453125,17.167640686035156,12.43487548828125,-0.005922879411704967,0.01149858390481621,-0.010016947565589457,-0.0018291084966206425,-0.012194915334004762,-0.0141982057675226,-0.028971964931766358,0.009408105452390656
2007-10-30,76.54660034179688,-0.47281466761747026,-0.265007094690671,-0.20780757292679924,,45.396324611222795,,,3.182689666748047,5.672637939453125,17.167640686035156,11.978797912597656,0.01752526333793011,-0.004118461303547173,0.004118162293748024,-0.006309405771845955,-0.008324632148178093,-0.023186415865220734,-0.06689138249772054,-0.005922879411704967
2007-10-31,77.88809967041016,-0.35960366645271336,-0.2839264090430795,-0.07567725740963388,,52.38167528221981,,,3.182689666748047,5.672637939453125,17.167640686035156,13.320297241210938,-0.021270945716351408,-0.013176184933434382,-0.023424154631392517,-0.02540467192068449,-0.040010484918672824,-0.0829627026249225,-0.1336068972428014,0.01752526333793011
2007-11-01,76.2313461303711,-0.39897021669480637,-0.3069351705734249,-0.09203504612138147,,44.765125662800315,,,3.182689666748047,5.672637939453125,17.167640686035156,11.663543701171875,0.008270686097943363,-0.002200005104187986,-0.004223565435439778,-0.019146809957570187,-0.06303251818116765,-0.11477737483605298,-0.10418088041237836,-0.021270945716351408
2007-11-02,76.86183166503906,-0.3749711439856469,-0.3205423652558693,-0.05442877872977758,,47.87151507605106,,,3.182689666748047,5.672637939453125,17.167640686035156,12.294029235839844,-0.010384801766531003,-0.01239176315016804,-0.02719259464104882,-0.07071831529195585,-0.12203871701377964,-0.11152914396977537,-0.07807485760490367,0.008270686097943363
2007-11-05,76.06363677978516,-0.4155689423222668,-0.33954768066914887,-0.07602126165311796,,44.46231058286766,,,3.182689666748047,5.672637939453125,17.167640686035156,11.495834350585938,-0.002028021989981156,-0.01698417011432411,-0.060966639996156397,-0.11282558659826418,-0.10220572843241894,-0.06840038022779364,-0.08459486652357472,-0.010384801766531003
2007-11-06,75.90937805175781,-0.45494604533664074,-0.36262735360264725,-0.09231869173399349,,43.812923564962865,,,3.182689666748047,5.672637939453125,17.167640686035156,11.341575622558594,-0.01498654115936791,-0.059058389719218694,-0.1110227211281184,-0.10038128188949218,-0.06650723637567522,-0.0827346321870018,-0.08131598133551982,-0.002028021989981156
2007-11-07,74.77175903320312,-0.5713627167529864,-0.4043744262327151,-0.16698829052027137,,39.259029580913534,,,3.182689666748047,5.672637939453125,17.167640686035156,10.203956604003906,-0.044742382110924316,-0.09749732768300015,-0.0866939836848874,-0.05230455965236003,-0.06877884806505474,-0.06733861307257887,-0.05662597888022673,-0.01498654115936791
2007-11-08,71.4262924194336,-0.9229359331576461,-0.5080867276177012,-0.41484920553994487,,29.536416127904275,-71.4262924194336,,3.182689666748047,5.672637939453125,17.167640686035156,6.858489990234375,-0.05522588313784243,-0.043916531821716905,-0.007916375017397483,-0.025162286595783567,-0.023654593837825238,-0.01244020099579288,-0.036660379895849034,-0.044742382110924316
2007-11-09,67.4817123413086,-1.5025346025768584,-0.7069763026095327,-0.7955582999673257,,22.470296043660767,,,3.182689666748047,5.672637939453125,17.167640686035156,2.913909912109375,0.011970428819204784,0.05007494095792148,0.031820935825282705,0.03341675934653429,0.04528667898328122,0.019650732286839414,0.03162138722344005,-0.05522588313784243
2007-11-12,68.28949737548828,-1.8750745305624719,-0.9405959482001205,-0.9344785823623514,,26.35575001383492,,,3.182689666748047,5.672637939453125,17.167640686035156,3.7216949462890625,0.03765378024254928,0.019615698681274753,0.021192645473201904,0.03292215781734923,0.0075894544434428005,0.019418510506442915,0.0075894544434428005,0.011970428819204784
2007-11-13,70.86085510253906,-1.9404596180734899,-1.1405686821747945,-0.7998909358986954,,37.152924004440116,,,3.182689666748047,5.672637939453125,17.167640686035156,6.293052673339844,-0.017383526090039552,-0.015863802631258778,-0.0045599240472039134,-0.028973368932438143,-0.01757355881442836,-0.028973368932438143,-0.011589089171536995,0.03765378024254928
2007-11-14,69.62904357910156,-2.0678379179295803,-1.3260225293257517,-0.7418153886038286,,34.540373292642556,,,3.182689666748047,5.672637939453125,17.167640686035156,5.061241149902344,0.0015466089762708655,0.01305046514415623,-0.01179487943681738,-0.00019339460454254889,-0.01179487943681738,0.0058969466443461165,-0.014211271059467142,-0.017383526090039552
2007-11-15,69.73673248291016,-2.135480058904122,-1.487914035241426,-0.6475660236626959,,34.970890893349164,,,3.182689666748047,5.672637939453125,17.167640686035156,5.1689300537109375,0.011486091675397922,-0.01332088621090258,-0.001737316631316795,-0.01332088621090258,0.004343619786723597,-0.01573354639166009,0.0022200018314030485,0.0015466089762708655
2007-11-16,70.53773498535156,-2.100242447690505,-1.6103797177312418,-0.48986272995926305,,38.22532481141193,,,3.182689666748047,5.672637939453125,17.167640686035156,5.969932556152344,-0.024525278291479918,-0.013073247784170542,-0.024525278291479918,-0.007061364409710993,-0.02691054112466554,-0.009160867282561222,0.024620567665081538,0.011486091675397922
2007-11-19,68.80777740478516,-2.1867025598881042,-1.7256442861626142,-0.46105827372549,,34.2398031235315,,,3.182689666748047,5.672637939453125,17.167640686035156,4.2399749755859375,0.0117399562002503,0.0,0.01790298968606927,-0.002445232849302228,0.01575070134263275,0.05038146541663705,0.05165381144419535,-0.024525278291479918
2007-11-20,69.6155776977539,-2.1650823673287363,-1.8135319023958387,-0.35155046493289754,,37.515900078928034,,,3.182689666748047,5.672637939453125,17.167640686035156,5.0477752685546875,-0.011603728930842631,0.006091519315857819,-0.014020587960988764,0.003964205542939551,0.03819312361796114,0.039450705687109414,0.017017633437677027,0.0117399562002503
2007-11-21,68.80777740478516,-2.18791007610362,-1.888407537137395,-0.2995025389662249,,35.605620707362675,,,3.182689666748047,5.672637939453125,17.167640686035156,4.2399749755859375,0.01790298968606927,-0.002445232849302228,0.01575070134263275,0.05038146541663705,0.05165381144419535,0.02895737590911757,0.03531655581086252,-0.011603728930842631
2007-11-23,70.03964233398438,-2.0825931575597423,-1.9272446612218646,-0.15534849633787773,,40.57491898988465,,,3.182689666748047,5.672637939453125,17.167640686035156,5.471839904785156,-0.01999033576043143,-0.002114433659439692,0.03190724072888758,0.03315720859463744,0.010859960462890061,0.017107294409424767,0.024795767777647547,0.01790298968606927
2007-11-26,68.6395263671875,-2.088036809526997,-1.9594030908828912,-0.128633718644106,,37.07311536545933,,,3.182689666748047,5.672637939453125,17.167640686035156,4.071723937988281,0.018240536551098623,0.05295618847757849,0.05423165331365209,0.03147958367049325,0.03785435136360807,0.04569965498537245,0.06070401212886474,-0.01999033576043143
2007-11-27,69.89154815673828,-1.9686301056679127,-1.9612484938398955,-0.0073816118280172205,,41.9018053772863,,,3.182689666748047,5.672637939453125,17.167640686035156,5.3237457275390625,0.034093763389214396,0.0353463798293276,0.0130018857471898,0.019262457256851866,0.026967221838644445,0.04170279423523536,0.056534864490916485,0.018240536551098623
2007-11-28,72.2744140625,-1.662557144570357,-1.9015102239859878,0.2389530794156307,-72.2744140625,49.79750778954207,,-72.2744140625,3.182689666748047,5.672637939453125,17.167640686035156,7.706611633300781,0.0012113180491561838,-0.020396484718074828,-0.014342322386466511,-0.006891581598184005,0.007358163365266387,0.021701224682133254,0.013877851849099433,0.034093763389214396
2007-11-29,72.3619613647461,-1.396826041029044,-1.8005733873945993,0.4037473463655552,,50.066012697678175,,,3.182689666748047,5.672637939453125,17.167640686035156,7.794158935546875,-0.021581660512321677,-0.015534822824345122,-0.008093096333677646,0.006139408539734878,0.020465116867537332,0.01265120916194174,0.017581292337590083,0.0012113180491561838
2007-11-30,70.8002700805664,-1.2972932727072504,-1.6999173644571297,0.40262409174987934,,45.401227520291215,,,3.182689666748047,5.672637939453125,17.167640686035156,6.2324676513671875,0.006180217033894534,0.01378609091250982,0.028332532142204044,0.042974232680343706,0.03498796812433883,0.040026797607267205,0.017208960452623958,-0.021581660512321677
2007-12-03,71.23783111572266,-1.1696226363434477,-1.5938584188343934,0.42423578249094573,,46.89422318671655,,,3.182689666748047,5.672637939453125,17.167640686035156,6.6700286865234375,0.0075591566499255405,0.022016249905620316,0.03656801736264878,0.02863080649246542,0.03363868619197122,0.010961002047168957,0.024945473978785052,0.006180217033894534
2007-12-04,71.77632904052734,-1.0133096521840486,-1.4777486655043246,0.46443901332027604,,48.75154236892685,,,3.182689666748047,5.672637939453125,17.167640686035156,7.208526611328125,0.014348629715960058,0.028791223345313022,0.02091356095914196,0.02588386931915598,0.0033763232409641845,0.017255877448097427,0.014536344954706524,0.0075591566499255405
2007-12-05,72.80622100830078,-0.7971379018984948,-1.3416265127831586,0.5444886108846638,,52.195115953502395,,,3.182689666748047,5.672637939453125,17.167640686035156,8.238418579101562,0.014238293626321761,0.0064720659651506885,0.011372066038503983,-0.010817095970315807,0.0028661227973970477,0.0001850598830098785,-0.02209705122899777,0.014348629715960058
2007-12-06,73.84285736083984,-0.5359937400545931,-1.1804999582374456,0.6445062181828525,,55.44065482581473,,,3.182689666748047,5.672637939453125,17.167640686035156,9.275054931640625,-0.00765720216834211,-0.002825990308026951,-0.024703651749387392,-0.011212523625256245,-0.013855948677569405,-0.03582525436444096,-0.047129112277218985,0.014238293626321761
2007-12-07,73.27742767333984,-0.37039092462070755,-1.018478151514098,0.6480872268933904,,53.31449126193398,,,3.182689666748047,5.672637939453125,17.167640686035156,8.709625244140625,0.004868490879232169,-0.01717798488414793,-0.0035827553388635197,-0.006246577818443397,-0.028385404980666072,-0.03977648670915525,-0.023424979168876973,-0.00765720216834211
2007-12-10,73.6341781616211,-0.20796542144498176,-0.8563756055002747,0.6484101840552929,,54.50012134740672,,,3.182689666748047,5.672637939453125,17.167640686035156,9.066375732421875,-0.021939662715555985,-0.00841030074562402,-0.011061217262320752,-0.033092783943102846,-0.04442867697973523,-0.02815639091574375,-0.02056856331100457,0.004868490879232169
2007-12-11,72.01866912841797,-0.2072115122443563,-0.726542786849091,0.5193312746047347,,48.49411666867608,,,3.182689666748047,5.672637939453125,17.167640686035156,7.45086669921875,0.013832850034074425,0.011122468664294187,-0.011403305913123087,-0.022993483537650995,-0.006356180660027918,0.0014018556445691574,0.01729135386753995,-0.021939662715555985
2007-12-12,73.014892578125,-0.12478864138697077,-0.606191957756667,0.48140331636969624,,52.00650576491796,,,3.182689666748047,5.672637939453125,17.167640686035156,8.447090148925781,-0.0026734006199238304,-0.024891830982147933,-0.036323870912732516,-0.01991356927665522,-0.012261384496554307,0.0034113156161287195,0.023785271960651222,0.013832850034074425
2007-12-13,72.81969451904297,-0.07436158042676766,-0.4998258822906872,0.42546430186391954,,51.268767892098786,,,3.182689666748047,5.672637939453125,17.167640686035156,8.25189208984375,-0.02227798835008989,-0.03374067262792883,-0.017286382081303786,-0.009613685108358916,0.006101026724680482,0.026529596821163078,0.03207575616134865,-0.0026734006199238304
2007-12-14,71.19741821289062,-0.16341812882136253,-0.4325443315968223,0.2691262027754598,,45.492843489411,,,3.182689666748047,5.672637939453125,17.167640686035156,6.629615783691406,-0.011723868483328525,0.005105343041589852,0.01295286706326669,0.029025648125565528,0.04991969556754681,0.05559222750822226,0.05474171205535198,-0.02227798835008989
2007-12-17,70.36270904541016,-0.29791594928484244,-0.40561865513442635,0.10770270584958391,,42.81978684189351,,,3.182689666748047,5.672637939453125,17.167640686035156,5.7949066162109375,0.017028855588256692,0.024969474380328024,0.04123292601062544,0.062374838453573896,0.0681146633464103,0.06725405827284141,0.048503341960347106,-0.011723868483328525
2007-12-18,71.56090545654297,-0.3043140613036428,-0.38535773636826964,0.08104367506462684,,47.58113769569092,,,3.182689666748047,5.672637939453125,17.167640686035156,6.99310302734375,0.007807663222572402,0.023798804025446204,0.04458672201497053,0.05023044083503925,0.049384245499636395,0.030947486100466,0.035556729257259695,0.017028855588256692
2007-12-19,72.11962890625,-0.2612883290191945,-0.36054385489845464,0.09925552587926012,,49.685084386537646,,,3.182689666748047,5.672637939453125,17.167640686035156,7.551826477050781,0.015867254622514405,0.03649412495514587,0.04209412089288495,0.04125448118157629,0.02296055460017197,0.027534089139545432,0.008960141603645203,0.007807663222572402
2007-12-20,73.26396942138672,-0.1333146420729605,-0.3150980123333558,0.18178337026039532,,53.777187482785784,,,3.182689666748047,5.672637939453125,17.167640686035156,8.6961669921875,0.020304690636274315,0.025817217900301524,0.024990692872067732,0.006982506764915226,0.011484605359551925,-0.006799227937941373,,0.015867254622514405
2007-12-21,74.75157165527344,0.08713802182258235,-0.2346508055021682,0.32178882732475056,,58.50208434272197,,,3.182689666748047,5.672637939453125,17.167640686035156,10.183769226074219,0.005402824582321121,0.004592747910304294,-0.013057064221719117,-0.008644560157046892,-0.02656453393085291,,,0.020304690636274315
2007-12-24,75.15544128417969,0.2910818397523798,-0.12950427645125862,0.4205861162036384,,59.70632127280036,,,3.182689666748047,5.672637939453125,17.167640686035156,10.587638854980469,-0.0008057234893420558,-0.01836068922096883,-0.013971897030629269,-0.031795572611857705,,,,0.005402824582321121
2007-12-26,75.09488677978516,0.4427191515718647,-0.015059590846633955,0.45777874241849864,,59.427859433577225,,,3.182689666748047,5.672637939453125,17.167640686035156,10.527084350585938,-0.01756912158557538,-0.013176790390819232,-0.031014838506418424,,,,,-0.0008057234893420558
2007-12-27,73.7755355834961,0.4512306918794877,0.07819846569859039,0.3730322261808973,,53.56602633480967,,,3.182689666748047,5.672637939453125,17.167640686035156,9.207733154296875,0.004470880640320533,-0.01368617092180928,,,,,,-0.01756912158557538
2007-12-28,74.10537719726562,0.47906919900947287,0.15837261236076688,0.320696586648706,,54.767255897357565,,,3.182689666748047,5.672637939453125,17.167640686035156,9.537574768066406,-0.01807623487358362,,,,,,,0.004470880640320533
2007-12-31,72.76583099365234,0.3885621305295217,0.20441051599451784,0.18415161453500387,72.76583099365234,49.200564091540684,72.76583099365234,72.76583099365234,3.6741065979003906,7.012176513671875,17.6590576171875,8.198028564453125,,,,,,,,-0.01807623487358362
